route	methods	auth heuristic	validation heuristic	source
api/admin/agents/	GET,POST,PATCH	NO-GUARD-MARKER	validation-marker	src\app\api\admin\agents\route.ts
api/admin/audit-logs/	GET	NO-GUARD-MARKER	NO-VALIDATION-MARKER	src\app\api\admin\audit-logs\route.ts
api/admin/clients/	GET,POST,PATCH	NO-GUARD-MARKER	validation-marker	src\app\api\admin\clients\route.ts
api/admin/commissions/	GET	NO-GUARD-MARKER	NO-VALIDATION-MARKER	src\app\api\admin\commissions\route.ts
api/admin/commissions/[id]/	PUT	NO-GUARD-MARKER	NO-VALIDATION-MARKER	src\app\api\admin\commissions\[id]\route.ts
api/admin/pricing/	GET,POST	NO-GUARD-MARKER	validation-marker	src\app\api\admin\pricing\route.ts
api/admin/pricing/[id]/	PUT,DELETE	NO-GUARD-MARKER	NO-VALIDATION-MARKER	src\app\api\admin\pricing\[id]\route.ts
api/admin/providers/	GET,POST	NO-GUARD-MARKER	validation-marker	src\app\api\admin\providers\route.ts
api/admin/providers/[id]/	PUT,DELETE	NO-GUARD-MARKER	NO-VALIDATION-MARKER	src\app\api\admin\providers\[id]\route.ts
api/admin/sender-ids/	GET	NO-GUARD-MARKER	NO-VALIDATION-MARKER	src\app\api\admin\sender-ids\route.ts
api/admin/sender-ids/[id]/approve/	POST	NO-GUARD-MARKER	validation-marker	src\app\api\admin\sender-ids\[id]\approve\route.ts
api/admin/system/	GET	NO-GUARD-MARKER	NO-VALIDATION-MARKER	src\app\api\admin\system\route.ts
api/admin/users/	GET,POST,PATCH	NO-GUARD-MARKER	validation-marker	src\app\api\admin\users\route.ts
api/agent/clients/	GET	NO-GUARD-MARKER	NO-VALIDATION-MARKER	src\app\api\agent\clients\route.ts
api/agent/commissions/	GET	NO-GUARD-MARKER	NO-VALIDATION-MARKER	src\app\api\agent\commissions\route.ts
api/agent/overview/	GET	NO-GUARD-MARKER	NO-VALIDATION-MARKER	src\app\api\agent\overview\route.ts
api/agent/payout/	POST	NO-GUARD-MARKER	validation-marker	src\app\api\agent\payout\route.ts
api/ai/grammar-check/	POST	guard-marker	validation-marker	src\app\api\ai\grammar-check\route.ts
api/auth/logout/	POST,GET	NO-GUARD-MARKER	NO-VALIDATION-MARKER	src\app\api\auth\logout\route.ts
api/auth/session/heartbeat/	POST	NO-GUARD-MARKER	NO-VALIDATION-MARKER	src\app\api\auth\session\heartbeat\route.ts
api/auth/session/	GET	NO-GUARD-MARKER	NO-VALIDATION-MARKER	src\app\api\auth\session\route.ts
api/auth/webauthn/generate-authentication-options/	POST	NO-GUARD-MARKER	NO-VALIDATION-MARKER	src\app\api\auth\webauthn\generate-authentication-options\route.ts
api/auth/webauthn/generate-registration-options/	POST	guard-marker	NO-VALIDATION-MARKER	src\app\api\auth\webauthn\generate-registration-options\route.ts
api/auth/webauthn/verify-authentication/	POST	NO-GUARD-MARKER	NO-VALIDATION-MARKER	src\app\api\auth\webauthn\verify-authentication\route.ts
api/auth/webauthn/verify-registration/	POST	guard-marker	NO-VALIDATION-MARKER	src\app\api\auth\webauthn\verify-registration\route.ts
api/campaigns/	GET,POST	guard-marker	validation-marker	src\app\api\campaigns\route.ts
api/campaigns/[id]/cancel/	POST	guard-marker	NO-VALIDATION-MARKER	src\app\api\campaigns\[id]\cancel\route.ts
api/campaigns/[id]/dry-run/	POST	guard-marker	NO-VALIDATION-MARKER	src\app\api\campaigns\[id]\dry-run\route.ts
api/campaigns/[id]/launch/	POST	guard-marker	NO-VALIDATION-MARKER	src\app\api\campaigns\[id]\launch\route.ts
api/campaigns/[id]/pause/	POST	guard-marker	NO-VALIDATION-MARKER	src\app\api\campaigns\[id]\pause\route.ts
api/campaigns/[id]/	GET,PUT,DELETE	guard-marker	validation-marker	src\app\api\campaigns\[id]\route.ts
api/contacts/groups/	GET,POST	guard-marker	validation-marker	src\app\api\contacts\groups\route.ts
api/contacts/groups/[id]/members/	GET,POST,DELETE	guard-marker	validation-marker	src\app\api\contacts\groups\[id]\members\route.ts
api/contacts/groups/[id]/	GET,PATCH,DELETE	guard-marker	validation-marker	src\app\api\contacts\groups\[id]\route.ts
api/contacts/import/	POST	guard-marker	validation-marker	src\app\api\contacts\import\route.ts
api/contacts/import/sample/	GET	NO-GUARD-MARKER	NO-VALIDATION-MARKER	src\app\api\contacts\import\sample\route.ts
api/contacts/	GET,POST	guard-marker	validation-marker	src\app\api\contacts\route.ts
api/contacts/segments/evaluate/	POST	guard-marker	NO-VALIDATION-MARKER	src\app\api\contacts\segments\evaluate\route.ts
api/contacts/segments/	GET,POST	guard-marker	validation-marker	src\app\api\contacts\segments\route.ts
api/contacts/segments/[id]/	GET,PUT,DELETE	guard-marker	validation-marker	src\app\api\contacts\segments\[id]\route.ts
api/contacts/[id]/consent/	POST,GET	guard-marker	validation-marker	src\app\api\contacts\[id]\consent\route.ts
api/contacts/[id]/	GET,PUT,DELETE	guard-marker	validation-marker	src\app\api\contacts\[id]\route.ts
api/cron/cleanup/	GET,POST	NO-GUARD-MARKER	NO-VALIDATION-MARKER	src\app\api\cron\cleanup\route.ts
api/cron/process-jobs/	GET	NO-GUARD-MARKER	NO-VALIDATION-MARKER	src\app\api\cron\process-jobs\route.ts
api/cron/worker/	GET	NO-GUARD-MARKER	NO-VALIDATION-MARKER	src\app\api\cron\worker\route.ts
api/developer/api-keys/	GET,POST	guard-marker	validation-marker	src\app\api\developer\api-keys\route.ts
api/developer/api-keys/[id]/reset-quota/	POST	guard-marker	NO-VALIDATION-MARKER	src\app\api\developer\api-keys\[id]\reset-quota\route.ts
api/developer/api-keys/[id]/	GET,PATCH,DELETE	guard-marker	validation-marker	src\app\api\developer\api-keys\[id]\route.ts
api/developer/webhooks/	GET,POST	guard-marker	validation-marker	src\app\api\developer\webhooks\route.ts
api/developer/webhooks/[id]/	PATCH,DELETE	guard-marker	validation-marker	src\app\api\developer\webhooks\[id]\route.ts
api/developer/webhooks/[id]/test/	POST	guard-marker	NO-VALIDATION-MARKER	src\app\api\developer\webhooks\[id]\test\route.ts
api/geo/detect/	GET	NO-GUARD-MARKER	NO-VALIDATION-MARKER	src\app\api\geo\detect\route.ts
api/health/live/	GET	NO-GUARD-MARKER	NO-VALIDATION-MARKER	src\app\api\health\live\route.ts
api/health/ready/	GET	NO-GUARD-MARKER	NO-VALIDATION-MARKER	src\app\api\health\ready\route.ts
api/health/	GET	NO-GUARD-MARKER	NO-VALIDATION-MARKER	src\app\api\health\route.ts
api/notifications/	GET,PATCH	guard-marker	validation-marker	src\app\api\notifications\route.ts
api/pricing/	GET	NO-GUARD-MARKER	NO-VALIDATION-MARKER	src\app\api\pricing\route.ts
api/reports/financial/	GET	NO-GUARD-MARKER	NO-VALIDATION-MARKER	src\app\api\reports\financial\route.ts
api/reports/sms/	GET	NO-GUARD-MARKER	NO-VALIDATION-MARKER	src\app\api\reports\sms\route.ts
api/reports/usage/	GET	NO-GUARD-MARKER	NO-VALIDATION-MARKER	src\app\api\reports\usage\route.ts
api/sender-ids/	GET,POST	guard-marker	validation-marker	src\app\api\sender-ids\route.ts
api/sender-ids/[id]/	GET	guard-marker	NO-VALIDATION-MARKER	src\app\api\sender-ids\[id]\route.ts
api/sms/delivery-reports/	GET	guard-marker	NO-VALIDATION-MARKER	src\app\api\sms\delivery-reports\route.ts
api/sms/drafts/	GET,POST	guard-marker	validation-marker	src\app\api\sms\drafts\route.ts
api/sms/drafts/[id]/duplicate/	POST	guard-marker	NO-VALIDATION-MARKER	src\app\api\sms\drafts\[id]\duplicate\route.ts
api/sms/drafts/[id]/	GET,PUT,DELETE	guard-marker	validation-marker	src\app\api\sms\drafts\[id]\route.ts
api/sms/schedule/	GET,POST,DELETE,PATCH	guard-marker	validation-marker	src\app\api\sms\schedule\route.ts
api/sms/send/	POST	guard-marker	validation-marker	src\app\api\sms\send\route.ts
api/sms/status/[id]/	GET	guard-marker	NO-VALIDATION-MARKER	src\app\api\sms\status\[id]\route.ts
api/support/tickets/	GET,POST	NO-GUARD-MARKER	validation-marker	src\app\api\support\tickets\route.ts
api/support/tickets/[id]/messages/	POST	NO-GUARD-MARKER	validation-marker	src\app\api\support\tickets\[id]\messages\route.ts
api/swagger/	GET	NO-GUARD-MARKER	NO-VALIDATION-MARKER	src\app\api\swagger\route.ts
api/templates/	GET,POST	guard-marker	validation-marker	src\app\api\templates\route.ts
api/templates/[id]/	GET,PUT,DELETE	guard-marker	validation-marker	src\app\api\templates\[id]\route.ts
api/user/privacy/	POST,GET	NO-GUARD-MARKER	validation-marker	src\app\api\user\privacy\route.ts
api/user/profile/	GET,PATCH	guard-marker	validation-marker	src\app\api\user\profile\route.ts
api/v1/auth/login/	POST	NO-GUARD-MARKER	NO-VALIDATION-MARKER	src\app\api\v1\auth\login\route.ts
api/v1/auth/me/	GET	NO-GUARD-MARKER	NO-VALIDATION-MARKER	src\app\api\v1\auth\me\route.ts
api/v1/balance/	GET	NO-GUARD-MARKER	NO-VALIDATION-MARKER	src\app\api\v1\balance\route.ts
api/v1/contacts/groups/	GET	NO-GUARD-MARKER	NO-VALIDATION-MARKER	src\app\api\v1\contacts\groups\route.ts
api/v1/contacts/groups/[id]/members/	GET	NO-GUARD-MARKER	NO-VALIDATION-MARKER	src\app\api\v1\contacts\groups\[id]\members\route.ts
api/v1/contacts/	GET,POST	NO-GUARD-MARKER	NO-VALIDATION-MARKER	src\app\api\v1\contacts\route.ts
api/v1/dashboard/stats/	GET	NO-GUARD-MARKER	NO-VALIDATION-MARKER	src\app\api\v1\dashboard\stats\route.ts
api/v1/device/gateways/firmware/check/	POST	guard-marker	NO-VALIDATION-MARKER	src\app\api\v1\device\gateways\firmware\check\route.ts
api/v1/device/gateways/heartbeat/	POST	guard-marker	NO-VALIDATION-MARKER	src\app\api\v1\device\gateways\heartbeat\route.ts
api/v1/device/gateways/messages/incoming/	POST	guard-marker	NO-VALIDATION-MARKER	src\app\api\v1\device\gateways\messages\incoming\route.ts
api/v1/device/gateways/messages/result/	POST	guard-marker	NO-VALIDATION-MARKER	src\app\api\v1\device\gateways\messages\result\route.ts
api/v1/device/gateways/queue/	GET	guard-marker	NO-VALIDATION-MARKER	src\app\api\v1\device\gateways\queue\route.ts
api/v1/device/gateways/register/	POST	NO-GUARD-MARKER	NO-VALIDATION-MARKER	src\app\api\v1\device\gateways\register\route.ts
api/v1/gateways/pair/	POST	NO-GUARD-MARKER	NO-VALIDATION-MARKER	src\app\api\v1\gateways\pair\route.ts
api/v1/gateways/	GET,POST	NO-GUARD-MARKER	validation-marker	src\app\api\v1\gateways\route.ts
api/v1/messages/	POST	guard-marker	validation-marker	src\app\api\v1\messages\route.ts
api/v1/phone/analyze/	POST	NO-GUARD-MARKER	NO-VALIDATION-MARKER	src\app\api\v1\phone\analyze\route.ts
api/v1/phone/data-status/	GET	NO-GUARD-MARKER	NO-VALIDATION-MARKER	src\app\api\v1\phone\data-status\route.ts
api/v1/phone/regions/	GET	NO-GUARD-MARKER	NO-VALIDATION-MARKER	src\app\api\v1\phone\regions\route.ts
api/v1/phone/regions/[region]/operators/	GET	NO-GUARD-MARKER	NO-VALIDATION-MARKER	src\app\api\v1\phone\regions\[region]\operators\route.ts
api/v1/sandbox/simulate-delivery/	POST	NO-GUARD-MARKER	validation-marker	src\app\api\v1\sandbox\simulate-delivery\route.ts
api/v1/sender-ids/	GET	NO-GUARD-MARKER	NO-VALIDATION-MARKER	src\app\api\v1\sender-ids\route.ts
api/v1/sms/bulk/	POST	NO-GUARD-MARKER	validation-marker	src\app\api\v1\sms\bulk\route.ts
api/v1/sms/schedule/	POST	NO-GUARD-MARKER	validation-marker	src\app\api\v1\sms\schedule\route.ts
api/v1/sms/send/	POST	NO-GUARD-MARKER	validation-marker	src\app\api\v1\sms\send\route.ts
api/v1/sms/status/[id]/	GET	NO-GUARD-MARKER	NO-VALIDATION-MARKER	src\app\api\v1\sms\status\[id]\route.ts
api/v1/wallet/deposit/	POST	guard-marker	validation-marker	src\app\api\v1\wallet\deposit\route.ts
api/v1/wallet/	GET	NO-GUARD-MARKER	NO-VALIDATION-MARKER	src\app\api\v1\wallet\route.ts
api/v1/wallet/transactions/	GET	NO-GUARD-MARKER	NO-VALIDATION-MARKER	src\app\api\v1\wallet\transactions\route.ts
api/variables/	GET,POST,PUT,DELETE	guard-marker	validation-marker	src\app\api\variables\route.ts
api/webhooks/payment/	POST	NO-GUARD-MARKER	validation-marker	src\app\api\webhooks\payment\route.ts
api/webhooks/sms/delivery/	POST	NO-GUARD-MARKER	validation-marker	src\app\api\webhooks\sms\delivery\route.ts
api/webhooks/telegram/	POST	NO-GUARD-MARKER	NO-VALIDATION-MARKER	src\app\api\webhooks\telegram\route.ts
api/webhooks/whatsapp/	GET,POST	guard-marker	validation-marker	src\app\api\webhooks\whatsapp\route.ts
api/v1/auth/mfa/verify/	POST	auth-marker	validation-marker	src\app\api\v1\auth\mfa\verify\route.ts
api/v1/auth/mfa/resend/	POST	auth-marker	validation-marker	src\app\api\v1\auth\mfa\resend\route.ts
