route	source
2fa/challenge/	src\app\(auth)\2fa\challenge\page.tsx
2fa/	src\app\(auth)\2fa\page.tsx
forgot-password/	src\app\(auth)\forgot-password\page.tsx
login/	src\app\(auth)\login\page.tsx
otp/	src\app\(auth)\otp\page.tsx
register/	src\app\(auth)\register\page.tsx
reset-password/	src\app\(auth)\reset-password\page.tsx
screen-lock/	src\app\(auth)\screen-lock\page.tsx
admin/agents/	src\app\(dashboard)\admin\agents\page.tsx
admin/audit-logs/	src\app\(dashboard)\admin\audit-logs\page.tsx
admin/clients/	src\app\(dashboard)\admin\clients\page.tsx
admin/commissions/	src\app\(dashboard)\admin\commissions\page.tsx
admin/communications/logs/	src\app\(dashboard)\admin\communications\logs\page.tsx
admin/communications/providers/	src\app\(dashboard)\admin\communications\providers\page.tsx
admin/communications/queue/	src\app\(dashboard)\admin\communications\queue\page.tsx
admin/	src\app\(dashboard)\admin\page.tsx
admin/pricing/	src\app\(dashboard)\admin\pricing\page.tsx
admin/providers/	src\app\(dashboard)\admin\providers\page.tsx
admin/sender-ids/	src\app\(dashboard)\admin\sender-ids\page.tsx
admin/system/	src\app\(dashboard)\admin\system\page.tsx
admin/users/	src\app\(dashboard)\admin\users\page.tsx
agent/clients/	src\app\(dashboard)\agent\clients\page.tsx
agent/commissions/	src\app\(dashboard)\agent\commissions\page.tsx
agent/dashboard/	src\app\(dashboard)\agent\dashboard\page.tsx
agent/earnings/	src\app\(dashboard)\agent\earnings\page.tsx
agent/	src\app\(dashboard)\agent\page.tsx
billing/	src\app\(dashboard)\billing\page.tsx
client/	src\app\(dashboard)\client\page.tsx
components/	src\app\(dashboard)\components\page.tsx
contacts/groups/	src\app\(dashboard)\contacts\groups\page.tsx
contacts/import/	src\app\(dashboard)\contacts\import\page.tsx
contacts/	src\app\(dashboard)\contacts\page.tsx
contacts/segments/	src\app\(dashboard)\contacts\segments\page.tsx
contacts/tags/	src\app\(dashboard)\contacts\tags\page.tsx
contacts/[id]/	src\app\(dashboard)\contacts\[id]\page.tsx
dashboard/	src\app\(dashboard)\dashboard\page.tsx
developer/api-keys/	src\app\(dashboard)\developer\api-keys\page.tsx
developer/api-usage/	src\app\(dashboard)\developer\api-usage\page.tsx
developer/	src\app\(dashboard)\developer\page.tsx
developer/webhooks/	src\app\(dashboard)\developer\webhooks\page.tsx
examples/auth/	src\app\(dashboard)\examples\auth\page.tsx
examples/	src\app\(dashboard)\examples\page.tsx
examples/ui/	src\app\(dashboard)\examples\ui\page.tsx
gateways/add/	src\app\(dashboard)\gateways\add\page.tsx
gateways/	src\app\(dashboard)\gateways\page.tsx
notifications/	src\app\(dashboard)\notifications\page.tsx
profile/	src\app\(dashboard)\profile\page.tsx
reports/campaigns/	src\app\(dashboard)\reports\campaigns\page.tsx
reports/financial/	src\app\(dashboard)\reports\financial\page.tsx
reports/sms/	src\app\(dashboard)\reports\sms\page.tsx
reports/usage/	src\app\(dashboard)\reports\usage\page.tsx
sender-ids/apply/	src\app\(dashboard)\sender-ids\apply\page.tsx
sender-ids/	src\app\(dashboard)\sender-ids\page.tsx
settings/account/	src\app\(dashboard)\settings\account\page.tsx
settings/notifications/	src\app\(dashboard)\settings\notifications\page.tsx
settings/	src\app\(dashboard)\settings\page.tsx
settings/security/	src\app\(dashboard)\settings\security\page.tsx
settings/sms/	src\app\(dashboard)\settings\sms\page.tsx
sms/campaigns/new/	src\app\(dashboard)\sms\campaigns\new\page.tsx
sms/campaigns/	src\app\(dashboard)\sms\campaigns\page.tsx
sms/campaigns/[id]/	src\app\(dashboard)\sms\campaigns\[id]\page.tsx
sms/custom/	src\app\(dashboard)\sms\custom\page.tsx
sms/delivery-reports/	src\app\(dashboard)\sms\delivery-reports\page.tsx
sms/drafts/	src\app\(dashboard)\sms\drafts\page.tsx
sms/scheduled/	src\app\(dashboard)\sms\scheduled\page.tsx
sms/send/	src\app\(dashboard)\sms\send\page.tsx
sms/templates/	src\app\(dashboard)\sms\templates\page.tsx
sms/variables/	src\app\(dashboard)\sms\variables\page.tsx
support/	src\app\(dashboard)\support\page.tsx
wallet/	src\app\(dashboard)\wallet\page.tsx
wallet/pricing/	src\app\(dashboard)\wallet\pricing\page.tsx
wallet/transactions/	src\app\(dashboard)\wallet\transactions\page.tsx
api/docs/	src\app\api\docs\page.tsx
cookies/	src\app\cookies\page.tsx
design-system/colors/	src\app\design-system\colors\page.tsx
design-system/components/	src\app\design-system\components\page.tsx
design-system/data-display/	src\app\design-system\data-display\page.tsx
design-system/feedback/	src\app\design-system\feedback\page.tsx
design-system/forms/	src\app\design-system\forms\page.tsx
design-system/	src\app\design-system\page.tsx
design-system/typography/	src\app\design-system\typography\page.tsx
/	src\app\page.tsx
privacy/	src\app\privacy\page.tsx
terms/	src\app\terms\page.tsx
